Tipo,Quantidade,Volume(kB)
png,2,834.3046875
zip,1,2727.580078125
txt,3,0.53125
jpg,1,178.529296875
